pitch_type,game_date,release_speed,player_name,bb_type,hit_distance_sc,launch_speed,launch_angle,effective_speed,release_spin_rate,estimated_ba_using_speedangle,estimated_woba_using_speedangle,launch_speed_angle
SL,10/5/2022,74.8,"Díaz, Aledmys",ground_ball,7,90.4,-23,74.7,2295,0.097,0.089,2
CH,10/5/2022,80.9,"Dubón, Mauricio",ground_ball,9,93.8,-8,80.5,1660,0.223,0.212,2
SL,10/5/2022,90.1,"Mancini, Trey",ground_ball,29,77.7,-1,89.8,2115,0.137,0.123,2
SI,10/4/2022,98.7,"Mancini, Trey",ground_ball,2,93.9,-41,97.9,2433,0.08,0.072,2
FC,10/4/2022,95,"Meyers, Jake",line_drive,198,74.5,20,95.4,2500,0.949,0.892,4
SI,10/4/2022,100.3,"Bregman, Alex",line_drive,273,80.9,23,99.5,2437,0.543,0.508,4
SL,10/4/2022,91,"Alvarez, Yordan",fly_ball,372,104.4,33,90.4,2491,0.671,1.369,6
SL,10/4/2022,81,"Vázquez, Christian",ground_ball,3,58.4,-31,80.7,2750,0.057,0.051,1
SI,10/3/2022,92.5,"Hensley, David",line_drive,155,91.8,8,92.9,2336,0.571,0.538,4
SL,10/2/2022,79.6,"Vázquez, Christian",fly_ball,307,82.9,33,79.8,2304,0.034,0.047,3
SL,10/2/2022,79.8,"Mancini, Trey",line_drive,232,104.6,11,79.9,2221,0.889,0.912,4
SI,10/2/2022,91.1,"Gurriel, Yuli",fly_ball,261,81.9,38,91.2,2174,0.02,0.024,3
FF,10/2/2022,91.5,"Tucker, Kyle",line_drive,310,104.1,17,91.4,2313,0.509,0.606,5
FC,10/2/2022,88.7,"Alvarez, Yordan",fly_ball,248,78.7,46,89.4,2424,0.049,0.05,3
SI,10/2/2022,92.8,"Peña, Jeremy",ground_ball,72,94.4,3,92.8,2373,0.411,0.387,4
SL,10/2/2022,79.7,"Altuve, Jose",ground_ball,42,73.6,0,79.3,2302,0.103,0.093,2
SL,10/1/2022,88,"Altuve, Jose",ground_ball,35,74.9,-1,87.8,2646,0.109,0.098,2
CU,9/30/2022,82.9,"Peña, Jeremy",fly_ball,284,94.5,47,83.5,2387,0.003,0.004,3
FF,9/30/2022,93.4,"Gurriel, Yuli",line_drive,169,108.4,8,93.2,2241,0.729,0.711,4
FF,9/30/2022,93.8,"Mancini, Trey",popup,104,79.4,72,94.9,2160,0.006,0.005,3
FF,9/28/2022,94.6,"McCormick, Chas",ground_ball,4,38.4,-34,94.4,2439,0.24,0.237,1
FC,9/28/2022,89,"Mancini, Trey",line_drive,157,79,14,89.4,2496,0.617,0.555,4
FF,9/28/2022,94.1,"Vázquez, Christian",ground_ball,3,99.3,-28,93.9,2478,0.109,0.099,2
FF,9/28/2022,96.9,"Altuve, Jose",line_drive,156,67.1,17,97.2,2384,0.543,0.489,4
FC,9/28/2022,89.2,"Díaz, Aledmys",ground_ball,7,100.5,-18,88.9,2148,0.16,0.144,2
FC,9/28/2022,89.5,"Peña, Jeremy",line_drive,337,108.7,16,89,2240,0.694,0.832,6
FF,9/28/2022,95.7,"Bregman, Alex",line_drive,353,97.4,22,95,2355,0.231,0.271,5
FC,9/28/2022,88.6,"Diaz, Yainer",ground_ball,4,103.8,-26,88.7,2040,0.123,0.111,2
FF,9/27/2022,98,"Gurriel, Yuli",ground_ball,25,109.6,-4,97,2225,0.437,0.399,4
SL,9/27/2022,84.5,"Peña, Jeremy",fly_ball,348,100.3,38,83.6,1719,0.211,0.427,5
SL,9/25/2022,87.7,"Alvarez, Yordan",fly_ball,290,88.8,46,86.6,2244,0.011,0.017,3
FC,9/25/2022,87.9,"Dubón, Mauricio",fly_ball,280,81.1,33,88.9,2353,0.034,0.031,3
CH,9/25/2022,85,"McCormick, Chas",ground_ball,4,80.6,-23,85.3,1476,0.04,0.036,2
FF,9/25/2022,95.1,"Díaz, Aledmys",line_drive,164,107.3,7,94.4,2240,0.637,0.604,4
SL,9/25/2022,78.9,"McCormick, Chas",fly_ball,235,90.3,52,79.1,2349,0.02,0.025,3
FF,9/25/2022,96.3,"Vázquez, Christian",line_drive,174,99,6,96.1,2205,0.62,0.579,4
SI,9/25/2022,90,"Vázquez, Christian",fly_ball,318,93.8,21,90.8,1824,0.226,0.263,3
FS,9/24/2022,87.3,"Tucker, Kyle",line_drive,297,94.1,22,87.3,709,0.194,0.228,3
FF,9/24/2022,100.9,"Bregman, Alex",ground_ball,3,72.4,-30,100.9,2395,0.049,0.044,2
FS,9/24/2022,89.2,"Alvarez, Yordan",line_drive,255,98.7,14,89.2,1058,0.829,0.818,4
SL,9/24/2022,77,"Bregman, Alex",fly_ball,228,87.7,55,76.5,2426,0.009,0.008,3
FF,9/24/2022,99.7,"Díaz, Aledmys",fly_ball,282,91.7,48,99.4,2413,0,0,3
FS,9/24/2022,88.2,"Gurriel, Yuli",fly_ball,314,88.1,33,88.2,894,0.02,0.018,3
SL,9/24/2022,83,"McCormick, Chas",fly_ball,288,83.5,32,81.8,2461,0.034,0.038,3
SI,9/24/2022,91.9,"Gurriel, Yuli",ground_ball,15,84.7,-9,90.3,2202,0.12,0.108,2
SI,9/23/2022,92.9,"Bregman, Alex",ground_ball,8,65.3,-12,92.9,2192,0.06,0.054,2
CU,9/23/2022,77.7,"Díaz, Aledmys",fly_ball,287,81.8,35,76.9,2729,0.029,0.038,3
FC,9/23/2022,89.6,"Gurriel, Yuli",fly_ball,331,94.1,30,89.3,2531,0.134,0.22,3
FC,9/23/2022,89.9,"Bregman, Alex",line_drive,144,82.6,11,89.7,2547,0.529,0.476,4
FC,9/21/2022,86.3,"Maldonado, Martín",ground_ball,3,60.8,-41,86.6,2541,0.151,0.15,2
SL,9/21/2022,81,"Tucker, Kyle",fly_ball,440,109.2,25,80.2,2929,0.977,1.979,6
CH,9/21/2022,84.9,"Díaz, Aledmys",ground_ball,2,82.3,-48,83.5,2055,0.111,0.1,2
SI,9/21/2022,89.7,"Alvarez, Yordan",line_drive,310,95.3,18,88.8,2338,0.423,0.416,4
FF,9/20/2022,93.1,"Peña, Jeremy",fly_ball,352,97.8,29,94.7,2047,0.354,0.616,6
FF,9/20/2022,94.3,"Maldonado, Martín",popup,149,64.7,60,95.4,2329,0.009,0.008,3
FC,9/18/2022,88,"Maldonado, Martín",fly_ball,358,102.6,38,89.4,2175,0.383,0.749,5
FC,9/18/2022,89.8,"McCormick, Chas",ground_ball,2,62.8,-53,91,2196,0.234,0.217,2
FF,9/18/2022,94.1,"Mancini, Trey",line_drive,322,109.7,13,95.5,2118,0.834,0.902,5
CH,9/17/2022,82.7,"Hensley, David",ground_ball,11,73.5,-9,82.9,1504,0.086,0.087,2
SL,9/17/2022,87.6,"Tucker, Kyle",ground_ball,4,86,-34,88.7,2201,0.071,0.068,2
SL,9/17/2022,88.3,"Vázquez, Christian",ground_ball,15,98.1,-7,87,2147,0.26,0.24,2
FF,9/17/2022,93.4,"McCormick, Chas",ground_ball,14,74,-7,91.7,2067,0.074,0.067,2
CH,9/16/2022,82,"Maldonado, Martín",fly_ball,348,96.1,41,82.3,1496,0.04,0.066,3
CU,9/16/2022,77.4,"Tucker, Kyle",fly_ball,340,100.3,44,77.5,2092,0.046,0.076,3
CU,9/16/2022,74.7,"Bregman, Alex",fly_ball,351,96.7,38,75.2,1938,0.12,0.235,3
SL,9/15/2022,84.2,"Díaz, Aledmys",line_drive,386,104.3,21,82.8,2667,0.634,0.884,6
SI,9/15/2022,92.9,"Tucker, Kyle",line_drive,244,98.4,12,90.6,2560,0.906,0.873,4
FF,9/14/2022,99.9,"Altuve, Jose",ground_ball,5,106.6,-17,100.9,2372,0.22,0.202,2
FF,9/14/2022,99.3,"Vázquez, Christian",popup,184,60.5,37,99.9,2424,0.474,0.427,3
SI,9/14/2022,97.6,"Mancini, Trey",ground_ball,5,87,-28,98.5,2430,0.046,0.041,2
SL,9/13/2022,82.2,"Dubón, Mauricio",ground_ball,0,50,-83,82.5,2445,0.151,0.136,1
FF,9/13/2022,92.8,"Gurriel, Yuli",line_drive,381,102.1,22,93.5,2171,0.571,0.8,6
FF,9/13/2022,93.4,"Tucker, Kyle",fly_ball,262,100.4,54,93.6,2269,0.011,0.014,3
SL,9/13/2022,86.2,"Peña, Jeremy",ground_ball,35,100.3,-1,86.8,2650,0.386,0.357,2
SI,9/13/2022,92.4,"Bregman, Alex",fly_ball,381,97.7,30,92.4,2142,0.349,0.621,6
SL,9/12/2022,85.5,"Gurriel, Yuli",ground_ball,5,97.8,-21,85.5,2373,0.114,0.103,2
FF,9/12/2022,94.5,"Tucker, Kyle",line_drive,290,90.4,20,94.5,1975,0.417,0.418,4
FF,9/12/2022,95.9,"Bregman, Alex",line_drive,183,96.7,9,95.5,2207,0.634,0.571,4
SL,9/12/2022,87.1,"Alvarez, Yordan",fly_ball,384,103.2,35,86,2411,0.554,1.124,6
FF,9/12/2022,93.7,"Bregman, Alex",fly_ball,286,81.4,38,94.4,2081,0.023,0.024,3
FF,9/12/2022,94.9,"Altuve, Jose",line_drive,147,70.5,14,94.7,2037,0.417,0.375,2
SL,9/11/2022,86.5,"Dubón, Mauricio",fly_ball,206,80,52,85.8,2612,0.046,0.046,3
FC,9/11/2022,88.5,"Vázquez, Christian",fly_ball,356,96.8,31,90,2493,0.249,0.45,5
FF,9/11/2022,93.5,"Tucker, Kyle",fly_ball,391,102.9,34,94.2,2349,0.571,1.151,6
FF,9/10/2022,95.3,"Bregman, Alex",fly_ball,217,84.8,55,95.6,2392,0.023,0.028,3
FF,9/9/2022,95.1,"Matijevic, J.J.",fly_ball,215,91.5,58,96.3,2307,0.006,0.007,3
FC,9/9/2022,91.2,"Tucker, Kyle",ground_ball,3,67.2,-24,92.2,2439,0.043,0.04,2
FC,9/9/2022,87.6,"McCormick, Chas",fly_ball,399,106.5,27,87.3,2601,0.957,1.954,6
SI,9/7/2022,95.3,"Tucker, Kyle",fly_ball,391,102.2,32,94.3,2329,0.549,1.073,6
SL,9/7/2022,85.6,"Peña, Jeremy",ground_ball,2,91.1,-29,85.9,2549,0.086,0.087,2
SI,9/7/2022,96.1,"Dubón, Mauricio",ground_ball,15,28.1,0,95.6,2179,0.251,0.264,1
SL,9/7/2022,83.6,"Vázquez, Christian",line_drive,267,96.2,15,83.6,2859,0.811,0.823,4
SL,9/7/2022,87.6,"Alvarez, Yordan",ground_ball,1,67.3,-53,87.2,2393,0.249,0.243,2
SI,9/7/2022,95.2,"Peña, Jeremy",ground_ball,6,86.2,-23,94.1,2378,0.1,0.105,2
FC,9/6/2022,90.3,"Alvarez, Yordan",ground_ball,84,97.3,5,89,2854,0.537,0.515,4
SL,9/6/2022,84.9,"Peña, Jeremy",popup,124,65,63,83.3,2666,0.006,0.005,3
SI,9/6/2022,95.4,"Alvarez, Yordan",line_drive,295,84.3,22,94.9,2358,0.471,0.458,3
KC,9/6/2022,84.4,"Tucker, Kyle",fly_ball,217,86.1,54,84.3,2330,0.011,0.01,3
CH,9/5/2022,82.5,"Maldonado, Martín",ground_ball,6,67.4,-15,82,1629,0.04,0.036,2
SL,9/5/2022,84.3,"Alvarez, Yordan",popup,148,83,64,82.6,2679,0.006,0.005,3
FC,9/5/2022,91.2,"Peña, Jeremy",line_drive,250,91.9,13,89,2785,0.911,0.879,4
FF,9/4/2022,90.5,"Altuve, Jose",fly_ball,373,100.8,41,90.2,1939,0.14,0.255,3
CH,9/4/2022,83.7,"Hensley, David",ground_ball,1,47,-57,83.5,1847,0.211,0.19,1
SI,9/4/2022,89.7,"Vázquez, Christian",line_drive,158,100,10,89.7,1949,0.766,0.709,4
SI,9/4/2022,92.6,"Matijevic, J.J.",ground_ball,108,100.8,4,93.1,2227,0.586,0.562,4
FC,9/4/2022,90.2,"Tucker, Kyle",ground_ball,113,102.8,6,91,2606,0.614,0.572,4
SI,9/4/2022,96.7,"Mancini, Trey",line_drive,120,47.7,30,97.9,1503,0.26,0.234,1
FF,9/4/2022,96.5,"Alvarez, Yordan",line_drive,178,100.9,11,97.6,2449,0.886,0.865,4
FS,9/4/2022,84.9,"Tucker, Kyle",ground_ball,18,98.5,-4,86.2,1418,0.289,0.26,2
SI,9/4/2022,94.6,"Peña, Jeremy",line_drive,187,104.4,8,95.9,2166,0.683,0.632,4
SL,9/3/2022,87.7,"Bregman, Alex",popup,188,76.3,57,88.7,2511,0.074,0.089,3
SL,9/3/2022,87.1,"Gurriel, Yuli",line_drive,291,91,17,87.9,2619,0.78,0.776,4
FF,9/3/2022,94.8,"McCormick, Chas",fly_ball,239,74.6,46,95.7,2272,0.129,0.135,3
SL,9/3/2022,82.4,"Vázquez, Christian",line_drive,275,81.5,25,80.6,2755,0.283,0.276,3
SL,9/3/2022,84.9,"McCormick, Chas",ground_ball,8,74.4,-16,85.5,2414,0.066,0.07,2
SI,9/3/2022,94,"Hensley, David",ground_ball,5,103.8,-27,94.3,2212,0.123,0.111,2
SL,9/3/2022,81.6,"Gurriel, Yuli",ground_ball,8,98.4,-14,79.9,2638,0.206,0.198,2
SI,9/3/2022,91.4,"Altuve, Jose",ground_ball,7,54.4,-16,89.2,2360,0.089,0.08,1
FF,9/3/2022,92,"Dubón, Mauricio",ground_ball,25,100.7,-7,92.3,2152,0.286,0.276,2
SI,9/3/2022,90,"Peña, Jeremy",ground_ball,8,64.1,-21,87.8,2181,0.04,0.036,2
CH,8/31/2022,90.2,"Dubón, Mauricio",line_drive,335,90.5,26,89.5,2246,0.137,0.173,3
SL,8/31/2022,86.4,"Vázquez, Christian",line_drive,170,81.6,12,86.5,2680,0.566,0.513,4
FF,8/31/2022,95.5,"Tucker, Kyle",ground_ball,6,85.3,-25,95.7,2363,0.066,0.061,2
CH,8/31/2022,88.3,"Bregman, Alex",ground_ball,3,42.6,-34,88.9,2170,0.203,0.2,1
CH,8/31/2022,87.9,"Peña, Jeremy",ground_ball,4,70.3,-18,88.9,1951,0.054,0.053,2
SL,8/30/2022,83.3,"Vázquez, Christian",ground_ball,10,81.6,-11,82.5,2738,0.114,0.105,2
FC,8/30/2022,88.9,"Mancini, Trey",line_drive,123,92.7,6,87.8,2917,0.454,0.409,4
FF,8/28/2022,94.5,"Gurriel, Yuli",popup,117,63.2,65,93.9,2147,0.003,0.003,3
FC,8/28/2022,86.3,"Mancini, Trey",ground_ball,2,76.5,-54,86.2,2581,0.223,0.214,2
FF,8/28/2022,97.3,"Dubón, Mauricio",ground_ball,102,102.8,4,96.7,2327,0.549,0.507,4
FF,8/28/2022,98.3,"Hensley, David",ground_ball,7,71.3,-17,97.7,2402,0.06,0.061,2
FC,8/28/2022,89.1,"Gurriel, Yuli",ground_ball,11,106.4,-11,89.7,2421,0.269,0.242,2
FC,8/28/2022,88.4,"Tucker, Kyle",line_drive,270,92.3,21,88.9,2451,0.246,0.247,3
CU,8/27/2022,77.6,"Bregman, Alex",ground_ball,16,84.4,-7,76.6,2670,0.123,0.115,2
FC,8/27/2022,89.1,"Alvarez, Yordan",line_drive,209,88.4,15,88.9,2514,0.946,0.89,4
CU,8/27/2022,77.5,"Gurriel, Yuli",ground_ball,46,87.3,0,76.9,2659,0.271,0.259,2
SL,8/26/2022,87.4,"Peña, Jeremy",fly_ball,215,89.9,57,87.1,2420,0.009,0.008,3
SL,8/26/2022,87.8,"Mancini, Trey",fly_ball,324,96.3,36,87.8,2451,0.14,0.27,3
SL,8/26/2022,82.8,"Tucker, Kyle",fly_ball,237,94.3,52,81.3,2600,0.006,0.007,3
SL,8/26/2022,84.6,"Bregman, Alex",ground_ball,125,95.7,7,83.4,2627,0.571,0.529,4
SL,8/25/2022,87.7,"Peña, Jeremy",line_drive,389,103.8,21,88.1,2819,0.634,0.884,6
SI,8/25/2022,98.1,"Alvarez, Yordan",ground_ball,2,82.9,-48,98,2001,0.111,0.1,2
CH,8/24/2022,82.8,"Bregman, Alex",ground_ball,17,89,-7,82.7,1712,0.134,0.121,2
CH,8/24/2022,82.6,"Altuve, Jose",ground_ball,44,96.1,0,82.2,1701,0.377,0.346,2
FF,8/23/2022,91.7,"Gurriel, Yuli",line_drive,93,73.7,7,89.9,2226,0.237,0.213,2
FF,8/23/2022,97.1,"Maldonado, Martín",ground_ball,23,86,-5,97.3,2455,0.126,0.113,2
FS,8/23/2022,87.7,"Dubón, Mauricio",ground_ball,7,72.7,-23,88.2,1536,0.031,0.028,2
SL,8/23/2022,88.6,"Bregman, Alex",fly_ball,353,98.5,39,88.7,2829,0.146,0.284,3
SL,8/23/2022,88.5,"Alvarez, Yordan",ground_ball,7,95.5,-19,88.2,2829,0.134,0.125,2
CU,8/21/2022,75.5,"Tucker, Kyle",ground_ball,3,79.3,-32,74.3,2955,0.057,0.054,2
FF,8/21/2022,92.8,"Bregman, Alex",line_drive,314,98.1,20,92.1,2016,0.274,0.305,4
SI,8/21/2022,92.4,"Gurriel, Yuli",ground_ball,91,88.3,3,91.6,1788,0.323,0.291,2
FF,8/21/2022,95.2,"Gurriel, Yuli",fly_ball,309,82.3,32,95.1,2494,0.04,0.041,3
CH,8/21/2022,86.7,"Peña, Jeremy",line_drive,323,87.1,24,87.5,1870,0.151,0.136,3
FF,8/21/2022,92.1,"Tucker, Kyle",ground_ball,130,99.4,6,92.6,2270,0.62,0.579,4
FF,8/21/2022,94.1,"Dubón, Mauricio",fly_ball,237,81.3,50,94,2484,0.037,0.043,3
FF,8/21/2022,94.3,"Maldonado, Martín",fly_ball,265,76,38,94.2,2437,0.114,0.103,3
SI,8/20/2022,95.2,"Peña, Jeremy",ground_ball,74,74.9,5,95.7,2360,0.223,0.201,2
FF,8/20/2022,94.1,"Tucker, Kyle",ground_ball,60,77.3,3,94.4,2385,0.211,0.204,2
CH,8/20/2022,88.9,"Vázquez, Christian",ground_ball,108,101.2,5,89.4,1914,0.64,0.613,4
SL,8/20/2022,84.4,"Gurriel, Yuli",ground_ball,112,86.7,5,85.8,1848,0.409,0.392,4
CH,8/20/2022,86.9,"Peña, Jeremy",ground_ball,1,54.8,-58,86.8,1540,0.22,0.198,1
FF,8/20/2022,91.6,"Meyers, Jake",line_drive,149,96.7,8,92,2155,0.617,0.566,4
FF,8/20/2022,91.5,"McCormick, Chas",ground_ball,78,97.7,4,92,2133,0.554,0.538,4
CH,8/20/2022,87,"Mancini, Trey",ground_ball,27,68.3,-3,86.9,1554,0.091,0.082,2
FC,8/19/2022,92.8,"Tucker, Kyle",popup,198,69.6,50,94.3,2523,0.143,0.133,3
FF,8/18/2022,96,"McCormick, Chas",fly_ball,381,105.1,25,94.9,2351,0.889,1.706,6
FF,8/18/2022,96.6,"Vázquez, Christian",line_drive,142,98.2,7,95.8,2402,0.626,0.589,4
FA,8/18/2022,58.5,"Dubón, Mauricio",ground_ball,15,82.3,-12,55.6,1491,0.126,0.127,2
FA,8/18/2022,59.2,"McCormick, Chas",ground_ball,11,75.3,-16,56.3,1437,0.071,0.079,2
FA,8/18/2022,59.1,"Vázquez, Christian",line_drive,307,87.4,25,56.5,1451,0.12,0.112,3
CH,8/18/2022,90.1,"Matijevic, J.J.",ground_ball,14,79.5,-6,89.7,1688,0.109,0.099,2
CU,8/18/2022,47.4,"Peña, Jeremy",line_drive,186,87.7,15,44.1,1455,0.946,0.89,4
CU,8/18/2022,86.3,"Meyers, Jake",ground_ball,6,84.3,-17,85.9,2218,0.097,0.094,2
FA,8/18/2022,54.6,"Matijevic, J.J.",ground_ball,125,86.3,7,51.8,1481,0.423,0.381,4
FA,8/18/2022,58.5,"Tucker, Kyle",ground_ball,100,104,6,55.6,1432,0.6,0.567,4
CH,8/18/2022,91,"Gurriel, Yuli",ground_ball,132,95.8,6,90.5,1924,0.549,0.532,4
FA,8/18/2022,54.1,"Bregman, Alex",line_drive,368,102.6,21,51.4,1390,0.626,0.884,6
SI,8/17/2022,95.2,"Tucker, Kyle",ground_ball,15,103.5,-9,95.2,2176,0.3,0.284,2
FF,8/16/2022,93.5,"Tucker, Kyle",ground_ball,4,87.3,-29,93.9,2481,0.049,0.044,2
FF,8/16/2022,93.2,"Bregman, Alex",fly_ball,278,83.4,40,93.7,2430,0.026,0.033,3
SL,8/16/2022,83.1,"Vázquez, Christian",fly_ball,309,86.3,33,82.2,2739,0.02,0.022,3
FF,8/15/2022,97.1,"Dubón, Mauricio",popup,147,60.9,56,98.6,2405,0.029,0.026,3
FF,8/15/2022,97.3,"Vázquez, Christian",ground_ball,11,104.9,-8,98.6,2415,0.337,0.31,2
FF,8/15/2022,97.9,"Altuve, Jose",fly_ball,260,87.7,51,98.8,2457,0.014,0.014,3
CU,8/14/2022,80.7,"Tucker, Kyle",ground_ball,10,62.3,-12,79.2,2991,0.063,0.057,2
FF,8/14/2022,91.4,"Bregman, Alex",line_drive,227,99.6,11,90.2,2307,0.88,0.868,4
SL,8/14/2022,88.1,"Alvarez, Yordan",ground_ball,3,68.4,-37,86.8,2525,0.091,0.083,2
SL,8/13/2022,91,"Mancini, Trey",ground_ball,40,75.3,1,89.9,2518,0.103,0.093,2
SI,8/13/2022,99.9,"Tucker, Kyle",fly_ball,387,101.8,33,98.6,2258,0.523,1.035,6
SL,8/13/2022,90.2,"Bregman, Alex",line_drive,146,68.4,17,89.4,2364,0.58,0.522,4
SI,8/13/2022,99.8,"Alvarez, Yordan",ground_ball,101,110.7,5,98.7,2265,0.669,0.623,4
FF,8/12/2022,95,"Dubón, Mauricio",line_drive,266,83.5,23,93.6,2041,0.411,0.387,3
FF,8/12/2022,97,"Tucker, Kyle",fly_ball,407,104.6,31,97.9,2355,0.791,1.63,6
SL,8/12/2022,87.3,"Vázquez, Christian",line_drive,344,97.3,24,85.6,2134,0.3,0.392,5
SL,8/11/2022,89.5,"Díaz, Aledmys",fly_ball,251,75.3,41,89,2621,0.157,0.154,3
SL,8/11/2022,89.1,"Bregman, Alex",fly_ball,213,67,30,88.4,2661,0.897,0.863,4
CH,8/11/2022,90.2,"Tucker, Kyle",line_drive,248,82.7,17,89.3,1879,0.94,0.906,4
CH,8/10/2022,84.5,"Altuve, Jose",popup,151,69,61,83.2,2060,0.014,0.013,3
SI,8/10/2022,99.5,"Díaz, Aledmys",ground_ball,6,55.2,-23,99.1,2237,0.091,0.099,1
KC,8/10/2022,83.6,"Mancini, Trey",ground_ball,70,100.7,3,82.9,2427,0.54,0.524,4
SI,8/10/2022,98.9,"Peña, Jeremy",ground_ball,5,103.3,-29,98.8,2330,0.12,0.109,2
SI,8/10/2022,98.9,"Tucker, Kyle",line_drive,210,106.8,11,98.4,2335,0.891,0.923,4
CU,8/9/2022,81.1,"Tucker, Kyle",fly_ball,309,88.8,35,81.6,2223,0.026,0.032,3
FF,8/7/2022,89.8,"Altuve, Jose",ground_ball,13,92.7,-14,91,2274,0.163,0.15,2
SL,8/6/2022,91.4,"Mancini, Trey",ground_ball,19,86,-5,92,2669,0.126,0.113,2
FC,8/6/2022,97.3,"Díaz, Aledmys",line_drive,360,103.8,16,98,2713,0.54,0.594,5
SL,8/5/2022,82.5,"Bregman, Alex",ground_ball,9,74,-13,81.9,2154,0.051,0.046,2
FC,8/5/2022,93.9,"Mancini, Trey",ground_ball,10,85.2,-9,93.7,2473,0.12,0.108,2
FF,8/5/2022,95.2,"Gurriel, Yuli",ground_ball,6,91,-29,94.7,2297,0.086,0.087,2
FC,8/5/2022,93.9,"Bregman, Alex",line_drive,270,103.4,13,93.6,2373,0.88,0.899,4
SL,8/5/2022,83.8,"Altuve, Jose",ground_ball,21,92.3,-5,83.5,2226,0.189,0.17,2
SL,8/5/2022,83.8,"Maldonado, Martín",fly_ball,313,86.6,40,83.6,2163,0.014,0.019,3
SL,8/5/2022,84.3,"Meyers, Jake",fly_ball,267,77.6,35,84.2,2184,0.08,0.074,3
FC,8/4/2022,89.2,"Gurriel, Yuli",ground_ball,6,91.9,-22,89.3,2213,0.111,0.115,2
FF,8/3/2022,93.2,"Tucker, Kyle",line_drive,141,105.5,7,91.5,2272,0.626,0.589,4
SL,8/3/2022,85.8,"Díaz, Aledmys",fly_ball,223,85,53,84.6,2413,0.014,0.013,3
FS,8/2/2022,91.3,"Gurriel, Yuli",fly_ball,197,78.5,56,90.7,1420,0.077,0.093,3
SL,8/2/2022,84.1,"Peña, Jeremy",fly_ball,360,99.6,30,83.3,2569,0.503,0.935,6
SL,8/2/2022,85.6,"Díaz, Aledmys",line_drive,292,95.8,17,85.1,2564,0.511,0.513,4
SL,8/1/2022,82.2,"Tucker, Kyle",ground_ball,1,41.5,-73,82.2,2624,0.177,0.159,1
SI,8/1/2022,91.5,"Díaz, Aledmys",ground_ball,34,105.6,-2,91.1,2125,0.44,0.418,4
SL,8/1/2022,82,"Altuve, Jose",ground_ball,8,76.2,-15,81.8,2552,0.06,0.054,2
SL,7/31/2022,84,"Díaz, Aledmys",fly_ball,283,91.4,44,84.4,2368,0.006,0.007,3
FF,7/31/2022,98.5,"Gurriel, Yuli",line_drive,276,98.6,15,98.1,2242,0.717,0.697,4
SI,7/31/2022,93.8,"Alvarez, Yordan",ground_ball,5,105.4,-21,91.8,1968,0.186,0.171,2
SI,7/31/2022,93.8,"Gurriel, Yuli",line_drive,314,100.5,15,92.5,1945,0.683,0.667,4
SL,7/30/2022,82.6,"Gurriel, Yuli",ground_ball,137,83.9,6,82.3,2444,0.389,0.364,4
SL,7/30/2022,82.6,"Altuve, Jose",ground_ball,20,94.4,-5,82.5,2522,0.257,0.254,2
SL,7/30/2022,86.9,"Maldonado, Martín",line_drive,148,77.8,12,86.7,2429,0.434,0.391,4
SI,7/30/2022,94.2,"Tucker, Kyle",popup,146,62.8,56,94.3,2213,0.034,0.031,3
SL,7/30/2022,85.8,"Dubón, Mauricio",line_drive,247,97.3,13,85.9,2422,0.926,0.909,4
SI,7/30/2022,95.6,"Bregman, Alex",popup,182,78.1,58,95.8,2266,0.051,0.053,3
SI,7/30/2022,94.3,"Alvarez, Yordan",fly_ball,390,111.4,19,94.3,2215,0.837,1.313,6
FA,7/29/2022,80.3,"Matijevic, J.J.",fly_ball,358,99.6,34,78.2,1919,0.377,0.749,5
CH,7/29/2022,83.1,"Peña, Jeremy",ground_ball,3,54.6,-36,83.3,1659,0.111,0.1,1
SI,7/29/2022,94.6,"Meyers, Jake",ground_ball,126,105.6,6,94.9,2093,0.609,0.587,4
SI,7/29/2022,95.3,"Bregman, Alex",ground_ball,152,95.5,8,95.6,2207,0.58,0.533,4
SI,7/29/2022,95.4,"Alvarez, Yordan",ground_ball,115,67.2,11,95.6,2077,0.266,0.239,2
FF,7/28/2022,100.7,"Tucker, Kyle",ground_ball,6,101.5,-20,100.4,2325,0.16,0.145,2
SL,7/28/2022,88.9,"Bregman, Alex",fly_ball,373,100.3,28,89,2325,0.571,1.053,6
CH,7/27/2022,88.6,"Díaz, Aledmys",ground_ball,2,61.3,-46,88.1,1902,0.183,0.168,2
FF,7/25/2022,97.1,"Bregman, Alex",popup,152,60,56,97.5,2296,0.029,0.026,3
SL,7/25/2022,82,"Altuve, Jose",ground_ball,4,20.7,-14,82.5,2569,0.286,0.3,1
SL,7/25/2022,88.2,"Altuve, Jose",ground_ball,43,75.1,2,89.8,2200,0.12,0.108,2
FF,7/25/2022,92.6,"Gurriel, Yuli",popup,80,61.8,72,90.7,2206,0.006,0.007,3
CH,7/24/2022,79.7,"Gurriel, Yuli",popup,145,56.5,50,80,1824,0.074,0.067,1
SL,7/24/2022,82.1,"Altuve, Jose",ground_ball,82,102.1,4,82.3,2505,0.574,0.543,4
SL,7/24/2022,81,"Maldonado, Martín",fly_ball,224,69.7,42,81,2504,0.394,0.409,3
SL,7/24/2022,81.8,"Dubón, Mauricio",fly_ball,185,87,59,82.7,2518,0.023,0.03,3
FF,7/23/2022,97.2,"Peña, Jeremy",ground_ball,39,91.1,-1,97.4,2383,0.271,0.256,2
SI,7/23/2022,92,"Maldonado, Martín",ground_ball,14,99.1,-6,91.2,2005,0.26,0.234,2
SL,7/23/2022,89,"Meyers, Jake",ground_ball,3,84.2,-44,89.5,3060,0.091,0.082,2
SI,7/23/2022,95.3,"Tucker, Kyle",fly_ball,369,98.9,26,96.5,2125,0.463,0.718,6
SI,7/23/2022,93.8,"Bregman, Alex",fly_ball,197,74.5,54,94.9,2130,0.097,0.109,3
FF,7/22/2022,88.4,"Bregman, Alex",line_drive,275,81.8,27,89,2187,0.18,0.188,3
FF,7/22/2022,88.3,"Alvarez, Yordan",ground_ball,16,102.7,-8,88.5,2196,0.28,0.252,2
SI,7/22/2022,88.9,"Peña, Jeremy",ground_ball,11,72.6,-11,88.8,1883,0.063,0.057,2
CH,7/21/2022,88,"Matijevic, J.J.",ground_ball,95,66.8,10,87.9,2120,0.249,0.225,2
SL,7/21/2022,80.8,"Díaz, Aledmys",line_drive,313,100.4,18,80.7,2767,0.411,0.489,4
SI,7/21/2022,97.4,"Lee, Korey",ground_ball,4,101.1,-22,97.9,2184,0.166,0.164,2
FF,7/17/2022,95.2,"Bregman, Alex",line_drive,281,80.8,26,96.4,2275,0.254,0.235,3
CH,7/16/2022,82,"Peña, Jeremy",ground_ball,75,102.1,3,81.8,1570,0.56,0.546,4
SI,7/15/2022,96.4,"McCormick, Chas",ground_ball,5,98,-17,96.2,2086,0.154,0.144,2
FF,7/14/2022,93.5,"Peña, Jeremy",line_drive,354,100.6,23,93.5,2402,0.543,0.792,6
FF,7/14/2022,92.9,"Dubón, Mauricio",line_drive,221,104.6,11,93.2,2437,0.889,0.912,4
FF,7/14/2022,93.5,"Maldonado, Martín",fly_ball,330,91.6,28,93.2,2375,0.123,0.173,3
SI,7/14/2022,92.5,"Tucker, Kyle",ground_ball,2,63.4,-36,91.3,2065,0.083,0.075,2
SI,7/14/2022,92.6,"Gurriel, Yuli",fly_ball,262,79.5,31,92.6,2085,0.089,0.088,3
CH,7/14/2022,80.6,"Bregman, Alex",ground_ball,3,59.5,-30,80,1842,0.051,0.046,1
SI,7/14/2022,91.4,"Peña, Jeremy",line_drive,266,104.1,11,90.4,2003,0.897,0.916,4
FC,7/14/2022,84.7,"Dubón, Mauricio",fly_ball,338,93.9,29,84.8,2216,0.146,0.234,3
SL,7/13/2022,91.4,"Peña, Jeremy",ground_ball,1,64.9,-65,92.6,2514,0.257,0.235,2
SI,7/13/2022,97.6,"Matijevic, J.J.",fly_ball,298,93.4,47,98,2102,0,0,3
SL,7/12/2022,84.1,"Peña, Jeremy",popup,156,84,65,83.8,2644,0.006,0.006,3
SL,7/12/2022,82.8,"Gurriel, Yuli",popup,95,70,70,82.8,2590,0,0,3
FF,7/12/2022,92.9,"Tucker, Kyle",line_drive,293,98.8,21,92.3,2252,0.323,0.406,5
SI,7/12/2022,93.6,"Peña, Jeremy",ground_ball,24,104,-3,93.5,2175,0.351,0.316,2
FF,7/12/2022,93.4,"Díaz, Aledmys",ground_ball,108,104.5,5,93.1,2275,0.563,0.519,4
SI,7/12/2022,92.3,"Gurriel, Yuli",ground_ball,10,93.8,-20,92.7,2283,0.106,0.095,2
SL,7/10/2022,87.1,"Dubón, Mauricio",ground_ball,7,98.3,-16,86.1,2502,0.151,0.136,2
SL,7/10/2022,87,"Bregman, Alex",ground_ball,27,88.1,-3,86,2667,0.2,0.185,2
SL,7/10/2022,88,"Peña, Jeremy",fly_ball,305,94.7,43,87.5,2594,0.017,0.026,3
FF,7/10/2022,91.1,"Altuve, Jose",fly_ball,231,74.2,44,90.6,2225,0.166,0.166,3
SL,7/10/2022,88.1,"Lee, Korey",ground_ball,86,84.5,5,87.2,2521,0.369,0.355,2
FF,7/9/2022,94,"Dubón, Mauricio",fly_ball,332,91.4,34,92.1,2240,0.04,0.061,3
FF,7/9/2022,94.5,"Matijevic, J.J.",line_drive,284,82.2,25,94.9,1913,0.283,0.276,3
SL,7/9/2022,82.5,"Díaz, Aledmys",popup,162,56.6,42,82.3,2475,0.234,0.211,1
SI,7/9/2022,95.7,"Gurriel, Yuli",ground_ball,141,86.8,8,96.5,2052,0.486,0.453,4
SL,7/9/2022,84,"McCormick, Chas",ground_ball,39,68.8,2,83.6,2196,0.134,0.123,2
SL,7/9/2022,84.9,"Díaz, Aledmys",ground_ball,2,78.1,-52,84.3,2037,0.186,0.167,2
SL,7/9/2022,80.9,"Alvarez, Yordan",line_drive,337,106.8,17,78.5,2961,0.591,0.706,6
FF,7/8/2022,93.4,"Dubón, Mauricio",fly_ball,225,83.5,56,92.6,2464,0.037,0.045,3
SI,7/8/2022,93.5,"Gurriel, Yuli",line_drive,298,87.2,22,92.7,2411,0.343,0.34,3
SL,7/8/2022,79.6,"Gurriel, Yuli",line_drive,212,91.2,13,79.6,2233,0.923,0.905,4
SL,7/8/2022,82.2,"Díaz, Aledmys",fly_ball,361,99.2,31,82.7,2845,0.4,0.762,6
FF,7/8/2022,90.5,"Tucker, Kyle",ground_ball,15,82.6,-6,90.9,2262,0.129,0.117,2
FF,7/8/2022,90,"Bregman, Alex",line_drive,300,107.8,16,90.8,2201,0.674,0.809,6
SI,7/7/2022,92.1,"Bregman, Alex",ground_ball,12,49.3,-8,92,2486,0.143,0.148,1
SL,7/7/2022,81.6,"Díaz, Aledmys",line_drive,236,104.7,10,81.8,2500,0.82,0.807,4
FF,7/7/2022,98.7,"Meyers, Jake",ground_ball,4,77.6,-27,98.8,2493,0.034,0.031,2
SL,7/7/2022,83.1,"Altuve, Jose",line_drive,282,99.2,16,83.3,2563,0.586,0.578,4
SI,7/7/2022,92.9,"Maldonado, Martín",line_drive,212,106.8,11,92.1,2519,0.891,0.923,4
FF,7/7/2022,98.3,"Díaz, Aledmys",ground_ball,1,71.4,-71,98.8,2589,0.231,0.208,2
CU,7/6/2022,81.6,"Peña, Jeremy",ground_ball,4,65.7,-30,81.4,2820,0.04,0.036,2
FF,7/5/2022,96.3,"Díaz, Aledmys",fly_ball,381,104.6,24,95.5,2306,0.869,1.63,6
SL,7/4/2022,80,"Altuve, Jose",ground_ball,73,88.3,4,79.9,2497,0.36,0.324,2
FF,7/4/2022,94.5,"Tucker, Kyle",line_drive,217,74.9,20,94.5,2228,0.949,0.892,4
SL,7/4/2022,80.3,"Dubón, Mauricio",ground_ball,14,90.5,-11,80.4,2404,0.154,0.149,2
SL,7/4/2022,87.9,"Meyers, Jake",popup,1,18.5,85,87.3,2188,0.029,0.029,1
FF,7/4/2022,95,"Gurriel, Yuli",ground_ball,8,97.1,-25,93.6,2457,0.1,0.09,2
FF,7/3/2022,94.3,"Gurriel, Yuli",fly_ball,317,91.6,36,94.1,2330,0.043,0.058,3
CH,7/3/2022,87.4,"Alvarez, Yordan",ground_ball,3,72,-34,86.7,1612,0.094,0.107,2
SL,7/3/2022,85.7,"Peña, Jeremy",fly_ball,429,107.6,28,85.6,2291,0.98,2.035,6
CH,7/2/2022,89,"Alvarez, Yordan",fly_ball,281,82.4,30,88.3,1834,0.086,0.101,3
CU,7/1/2022,83.2,"Lee, Korey",fly_ball,307,85,36,81.8,2420,0.011,0.012,3
SL,6/30/2022,81.3,"Dubón, Mauricio",ground_ball,113,85.1,6,81.7,2355,0.403,0.38,4
SL,6/29/2022,86.4,"Castro, Jason",ground_ball,126,56.9,20,86.1,2455,0.354,0.319,1
SL,6/29/2022,85.4,"Díaz, Aledmys",line_drive,225,90.9,14,84.7,2317,0.94,0.917,4
FS,6/29/2022,87.5,"Gurriel, Yuli",fly_ball,262,82.3,41,87.4,1210,0.029,0.036,3
SL,6/29/2022,84.1,"Castro, Jason",fly_ball,375,108.7,26,83.8,,0.98,2.014,6
SL,6/29/2022,85.1,"Díaz, Aledmys",fly_ball,273,75.9,28,84.1,3064,0.457,0.437,3
SL,6/29/2022,89.9,"Peña, Jeremy",ground_ball,130,77.3,11,92.1,2091,0.369,0.332,4
SL,6/29/2022,86.1,"Gurriel, Yuli",ground_ball,4,106,-29,85.7,2832,0.111,0.1,2
FF,6/28/2022,92,"Gurriel, Yuli",fly_ball,225,69.8,28,93.1,2210,0.903,0.862,4
CH,6/28/2022,88.9,"Matijevic, J.J.",line_drive,166,102.9,9,88,1822,0.743,0.7,4
SI,6/28/2022,93.5,"Dubón, Mauricio",popup,130,60.9,59,92.5,2341,0.014,0.013,3
SL,6/28/2022,86.1,"Bregman, Alex",ground_ball,74,95.5,4,85.7,2513,0.411,0.37,4
CH,6/26/2022,90.4,"Gurriel, Yuli",popup,149,56.5,50,90.2,2225,0.074,0.067,1
SL,6/26/2022,84,"Gurriel, Yuli",popup,65,63.6,77,83.9,2770,0.006,0.005,3
CH,6/26/2022,89.5,"Tucker, Kyle",fly_ball,201,91.9,60,89.5,2084,0.003,0.003,3
SI,6/26/2022,97,"Castro, Jason",ground_ball,8,98.1,-16,96.3,2206,0.151,0.136,2
SL,6/26/2022,82.9,"Altuve, Jose",ground_ball,16,95.7,-5,82.8,2958,0.277,0.265,2
FC,6/25/2022,87,"Brantley, Michael",ground_ball,91,98.6,5,87.3,2567,0.577,0.532,4
FC,6/25/2022,87.6,"Meyers, Jake",line_drive,224,93.9,15,87.7,2354,0.843,0.846,4
FC,6/25/2022,89.2,"Gurriel, Yuli",fly_ball,224,70.2,29,90,2553,0.877,0.846,4
SL,6/25/2022,78.6,"Díaz, Aledmys",ground_ball,124,79.3,9,78.2,2579,0.371,0.348,4
CH,6/24/2022,92.5,"Alvarez, Yordan",ground_ball,79,85.8,4,92.9,1604,0.403,0.413,4
SI,6/23/2022,97.9,"Maldonado, Martín",ground_ball,4,91.1,-23,98.7,2173,0.091,0.082,2
SI,6/23/2022,98.5,"Siri, Jose",popup,138,59.8,58,99.1,2299,0.02,0.018,3
FC,6/22/2022,91.9,"Altuve, Jose",fly_ball,393,101.1,34,91.5,2462,0.429,0.848,6
CH,6/22/2022,88.7,"Brantley, Michael",popup,128,89,69,88.3,1010,0.014,0.019,3
SI,6/21/2022,93.3,"Brantley, Michael",ground_ball,143,102.1,6,92.5,2297,0.646,0.608,4
SI,6/21/2022,93.8,"Altuve, Jose",ground_ball,3,105.8,-25,92.9,2270,0.143,0.129,2
SL,6/19/2022,86.8,"Tucker, Kyle",ground_ball,119,74.1,13,87.3,2471,0.383,0.345,4
CH,6/19/2022,88.7,"Brantley, Michael",fly_ball,375,96,28,88.8,1231,0.249,0.391,5
FF,6/19/2022,93.5,"Altuve, Jose",fly_ball,263,91,54,94.1,2346,0.014,0.016,3
FC,6/18/2022,87.4,"Alvarez, Yordan",ground_ball,2,71.2,-54,86.5,2184,0.243,0.237,2
FF,6/18/2022,99.6,"Bregman, Alex",ground_ball,62,96.7,1,99.3,2301,0.426,0.4,4
FC,6/15/2022,85.5,"Gurriel, Yuli",line_drive,388,104.5,20,85.6,2151,0.643,0.919,6
FC,6/15/2022,84.3,"Alvarez, Yordan",ground_ball,13,110.1,-8,84.1,2159,0.386,0.363,2
FC,6/15/2022,84.5,"Bregman, Alex",fly_ball,234,83.3,51,84,2066,0.031,0.043,3
SL,6/14/2022,78.2,"Tucker, Kyle",fly_ball,408,105.5,24,77.7,2760,0.891,1.694,6
SI,6/14/2022,91.7,"Alvarez, Yordan",ground_ball,2,80.3,-46,90.6,1990,0.117,0.105,2
FC,6/14/2022,89.4,"Bregman, Alex",ground_ball,47,80.8,2,88.5,2320,0.22,0.205,2
SI,6/14/2022,92.6,"Brantley, Michael",ground_ball,7,90.4,-13,91.3,2071,0.137,0.131,2
FF,6/12/2022,93.2,"Altuve, Jose",fly_ball,383,99.9,35,92.7,2195,0.331,0.647,5
FF,6/12/2022,93.1,"Siri, Jose",popup,23,32.3,78,92.5,2304,0.017,0.015,1
CH,6/12/2022,87.8,"Castro, Jason",ground_ball,156,102.3,7,88.1,1372,0.689,0.661,4
SL,6/12/2022,86.1,"Gurriel, Yuli",ground_ball,10,70.6,-12,86.5,2168,0.06,0.054,2
SI,6/12/2022,87.8,"Tucker, Kyle",line_drive,198,84.8,15,88,1976,0.937,0.898,4
FF,6/12/2022,99,"Alvarez, Yordan",line_drive,292,100.9,13,98.9,2162,0.897,0.901,4
FF,6/12/2022,98.8,"Bregman, Alex",fly_ball,376,99.9,23,98.3,2226,0.46,0.673,5
SL,6/11/2022,87.4,"Bregman, Alex",line_drive,64,82.5,3,87.8,2242,0.237,0.213,2
SI,6/11/2022,96.2,"Altuve, Jose",ground_ball,116,85.5,7,96.2,2001,0.434,0.411,4
FF,6/10/2022,93.1,"Brantley, Michael",fly_ball,245,78,44,93.5,2339,0.054,0.049,3
FF,6/10/2022,92.7,"McCormick, Chas",ground_ball,3,65.5,-36,92.9,2275,0.077,0.069,2
SL,6/8/2022,87.5,"Bregman, Alex",fly_ball,203,84,56,87.7,2218,0.026,0.028,3
FC,6/7/2022,84.7,"Siri, Jose",fly_ball,285,86.4,41,84.8,2438,0.017,0.024,3
FF,6/7/2022,88.3,"Castro, Jason",ground_ball,129,80.4,10,88.7,2383,0.389,0.35,4
SL,6/7/2022,87.8,"Alvarez, Yordan",fly_ball,353,94.2,38,88.8,2372,0.077,0.136,3
CH,6/7/2022,86,"Bregman, Alex",line_drive,322,90.9,21,86.6,1523,0.26,0.255,3
FF,6/7/2022,93,"Altuve, Jose",ground_ball,13,95.6,-11,93.3,2461,0.2,0.192,2
SL,6/6/2022,88.1,"Alvarez, Yordan",ground_ball,58,85.2,3,86.9,2311,0.326,0.311,2
FF,6/6/2022,88.1,"Bregman, Alex",ground_ball,76,83.1,5,88.3,2323,0.349,0.337,2
SL,6/5/2022,86.7,"Gurriel, Yuli",ground_ball,33,106.2,-1,87.2,2784,0.46,0.438,4
FF,6/5/2022,98.9,"Maldonado, Martín",ground_ball,2,88.6,-32,99.9,2104,0.086,0.086,2
SL,6/5/2022,87.8,"Tucker, Kyle",line_drive,151,88.7,10,88.4,2572,0.591,0.534,4
SI,6/5/2022,96.3,"Bregman, Alex",fly_ball,276,81.6,39,96.1,2416,0.026,0.032,3
SL,6/5/2022,86.4,"Dubón, Mauricio",ground_ball,39,87.5,0,86.4,2785,0.271,0.259,2
SI,6/5/2022,97.2,"Peña, Jeremy",ground_ball,144,108.6,7,97.7,2210,0.711,0.686,4
SL,6/4/2022,85,"Bregman, Alex",ground_ball,1,51.3,-78,83.9,2405,0.163,0.147,1
CU,6/4/2022,82.2,"Peña, Jeremy",popup,109,76.5,69,82.7,2846,0.006,0.006,3
FF,6/3/2022,94.3,"Siri, Jose",ground_ball,139,79.8,14,93.3,2218,0.657,0.591,4
SL,6/3/2022,81.1,"Gurriel, Yuli",ground_ball,3,102.9,-23,80.8,2633,0.157,0.143,2
CH,6/3/2022,88.3,"Peña, Jeremy",ground_ball,10,83.3,-10,87.4,1520,0.123,0.114,2
SI,6/3/2022,91.7,"Brantley, Michael",ground_ball,85,103.6,3,92,2446,0.517,0.471,4
FF,6/3/2022,93.7,"Díaz, Aledmys",ground_ball,9,89,-16,94.1,2210,0.097,0.087,2
SL,6/1/2022,85.3,"Peña, Jeremy",line_drive,385,109,20,86.7,2306,0.86,1.406,6
SI,6/1/2022,96.7,"Díaz, Aledmys",ground_ball,3,68.4,-46,98,2132,0.191,0.191,2
FF,6/1/2022,90.5,"Peña, Jeremy",line_drive,303,91.2,24,91,2381,0.16,0.181,3
SL,6/1/2022,84,"Gurriel, Yuli",ground_ball,17,98.5,-7,83.2,2263,0.271,0.244,2
SL,6/1/2022,84.3,"McCormick, Chas",ground_ball,3,73.5,-25,84,2311,0.029,0.026,2
FF,6/1/2022,89.3,"Alvarez, Yordan",line_drive,270,100.5,14,89.7,2145,0.771,0.784,4
SI,6/1/2022,96.2,"Tucker, Kyle",ground_ball,15,79.8,-8,97.5,2131,0.106,0.096,2
FS,5/31/2022,86.6,"Castro, Jason",ground_ball,7,83.3,-13,86.1,1327,0.114,0.105,2
SI,5/31/2022,95.9,"Peña, Jeremy",ground_ball,26,101.5,-3,94.9,2317,0.323,0.291,2
FS,5/31/2022,86.5,"Gurriel, Yuli",line_drive,155,104.5,7,86.3,1641,0.606,0.548,4
SI,5/31/2022,90.8,"Peña, Jeremy",ground_ball,30,94.2,-2,87.6,2410,0.297,0.28,2
SL,5/31/2022,78.1,"Alvarez, Yordan",popup,163,85.6,65,75.1,2985,0.006,0.006,3
FF,5/30/2022,97.2,"Brantley, Michael",ground_ball,19,72.8,-5,98.9,2311,0.089,0.08,2
SL,5/29/2022,82.7,"Gurriel, Yuli",fly_ball,306,94.3,43,83,2402,0.009,0.008,3
FF,5/29/2022,93.2,"Alvarez, Yordan",line_drive,214,95.6,12,93.3,2510,0.889,0.861,4
SL,5/29/2022,80.7,"Altuve, Jose",ground_ball,10,76.6,-9,81,2332,0.089,0.084,2
FC,5/28/2022,89.9,"Alvarez, Yordan",fly_ball,380,101.7,32,89.9,2314,0.549,1.073,6
FC,5/27/2022,86.6,"Bregman, Alex",ground_ball,18,99.9,-5,86.3,2461,0.28,0.252,2
FF,5/27/2022,91.3,"Brantley, Michael",fly_ball,257,91.1,52,90.3,2172,0.017,0.021,3
SL,5/27/2022,83.8,"Altuve, Jose",line_drive,298,87.3,21,83.3,2491,0.434,0.437,3
FF,5/27/2022,92.1,"Castro, Jason",fly_ball,220,82,56,92.8,2291,0.037,0.039,3
FF,5/27/2022,99.8,"Gurriel, Yuli",ground_ball,19,98.3,-8,100.8,2199,0.271,0.263,2
SI,5/23/2022,94.5,"Altuve, Jose",ground_ball,9,53.9,-14,94.1,2203,0.106,0.111,1
SI,5/23/2022,95,"Brantley, Michael",ground_ball,3,94,-27,95.3,1939,0.074,0.067,2
KC,5/22/2022,83.7,"Maldonado, Martín",ground_ball,3,86.4,-36,83.7,2503,0.074,0.07,2
SI,5/22/2022,92.5,"Alvarez, Yordan",ground_ball,8,98.6,-16,92.1,2161,0.143,0.129,2
CH,5/22/2022,86.4,"Peña, Jeremy",ground_ball,138,71.3,16,86.1,2021,0.591,0.532,4
CH,5/20/2022,85.7,"Gurriel, Yuli",fly_ball,263,85.7,45,85.1,1726,0.003,0.003,3
SI,5/20/2022,94.7,"Tucker, Kyle",line_drive,302,88.8,22,94.1,1962,0.286,0.297,3
FC,5/20/2022,91.3,"Peña, Jeremy",ground_ball,50,95.6,1,90.9,2218,0.411,0.384,4
SI,5/20/2022,94.3,"Tucker, Kyle",ground_ball,73,94.2,3,93.8,2044,0.411,0.387,4
FF,5/19/2022,97.8,"Alvarez, Yordan",fly_ball,243,73.3,31,97,2322,0.54,0.523,3
KC,5/19/2022,83.3,"Altuve, Jose",ground_ball,39,69.6,1,82.4,2472,0.123,0.111,2
KC,5/19/2022,83.2,"Maldonado, Martín",line_drive,361,99.6,21,82.8,2422,0.377,0.492,5
CH,5/18/2022,86.4,"Alvarez, Yordan",line_drive,279,78.9,26,87.7,1331,0.38,0.35,3
SL,5/18/2022,85.1,"Díaz, Aledmys",line_drive,130,101,6,86.5,2190,0.663,0.624,4
FF,5/17/2022,95.4,"Gurriel, Yuli",ground_ball,7,104.4,-21,95.5,2119,0.2,0.202,2
FF,5/17/2022,93.7,"Maldonado, Martín",fly_ball,285,89.9,47,93.7,2082,0.009,0.012,3
FF,5/17/2022,95,"Maldonado, Martín",ground_ball,7,88.1,-20,96,2251,0.109,0.109,2
CH,5/17/2022,84.7,"Siri, Jose",ground_ball,67,101.7,1,85,1735,0.5,0.475,4
SL,5/17/2022,80.1,"Brantley, Michael",ground_ball,8,95.2,-13,79.9,2690,0.183,0.175,2
KC,5/16/2022,85.7,"Altuve, Jose",ground_ball,72,65.8,8,86.1,2040,0.206,0.187,2
SL,5/16/2022,91,"Altuve, Jose",ground_ball,8,89.4,-8,90.9,2316,0.154,0.151,2
FF,5/16/2022,95,"Dubón, Mauricio",ground_ball,1,40.3,-74,96.3,2294,0.177,0.159,1
CH,5/15/2022,79.2,"McCormick, Chas",fly_ball,396,104.7,28,80.2,1579,0.854,1.726,6
FC,5/15/2022,92.1,"Gurriel, Yuli",popup,122,62.3,62,92.5,2464,0.003,0.003,3
FC,5/15/2022,92.2,"Alvarez, Yordan",ground_ball,12,93.4,-13,91.9,2469,0.149,0.134,2
FC,5/15/2022,90.9,"Brantley, Michael",line_drive,171,77.5,15,91.1,2453,0.717,0.664,4
FC,5/15/2022,89.9,"Altuve, Jose",ground_ball,136,106,7,90.2,2582,0.626,0.589,4
SL,5/15/2022,88.2,"Siri, Jose",line_drive,169,78.6,14,89.1,2054,0.617,0.555,4
SL,5/14/2022,88.3,"McCormick, Chas",ground_ball,60,90.3,4,89,2411,0.411,0.405,4
SI,5/14/2022,93.8,"Díaz, Aledmys",ground_ball,5,69.4,-27,94,2248,0.037,0.033,2
SL,5/14/2022,88.4,"Siri, Jose",ground_ball,100,105.4,5,88.9,2291,0.563,0.519,4
FF,5/14/2022,93.2,"Díaz, Aledmys",fly_ball,340,98.2,40,94.7,2487,0.08,0.146,3
CU,5/13/2022,73,"Maldonado, Martín",ground_ball,4,71.9,-24,73,3069,0.031,0.028,2
SL,5/13/2022,76.4,"McCormick, Chas",ground_ball,12,67,-6,75.9,2822,0.086,0.077,2
SL,5/13/2022,79.9,"Díaz, Aledmys",ground_ball,1,52.5,-55,80.4,2722,0.206,0.185,1
KC,5/12/2022,82.2,"McCormick, Chas",line_drive,300,96,22,82.6,2461,0.209,0.252,3
SL,5/11/2022,81.9,"Gurriel, Yuli",fly_ball,251,82.7,46,80.5,2291,0.006,0.005,3
FF,5/11/2022,90.6,"Alvarez, Yordan",ground_ball,7,100.3,-22,90.1,2198,0.151,0.147,2
FA,5/11/2022,80.9,"Maldonado, Martín",ground_ball,19,87.9,-6,79.5,2026,0.143,0.137,2
FA,5/11/2022,73.6,"Siri, Jose",ground_ball,54,102.5,1,72,1880,0.474,0.429,4
SL,5/10/2022,79.5,"McCormick, Chas",fly_ball,324,95.1,44,78.3,2279,0.014,0.02,3
CU,5/10/2022,79.1,"Tucker, Kyle",ground_ball,15,63.9,-9,77.8,2647,0.074,0.067,2
FF,5/10/2022,92.6,"Bregman, Alex",line_drive,224,82.2,16,91.4,2172,0.926,0.899,4
CH,5/10/2022,80.4,"Peña, Jeremy",ground_ball,28,78.5,-2,79.5,2139,0.131,0.118,2
FF,5/10/2022,90.9,"Maldonado, Martín",fly_ball,244,92.5,53,90.6,2111,0.009,0.008,3
SL,5/8/2022,86.4,"Bregman, Alex",ground_ball,5,84,-29,85.6,2516,0.043,0.039,2
FF,5/8/2022,94.2,"Goodrum, Niko",ground_ball,2,87.5,-43,94.8,2461,0.063,0.057,2
SI,5/7/2022,95.2,"Bregman, Alex",ground_ball,9,89.6,-7,95.4,2277,0.149,0.134,2
SL,5/7/2022,92.1,"Brantley, Michael",line_drive,137,107.4,7,92.5,2420,0.637,0.604,4
SL,5/7/2022,92.1,"McCormick, Chas",fly_ball,299,96.2,47,92.4,2303,0.003,0.003,3
SL,5/7/2022,91.9,"Peña, Jeremy",ground_ball,87,73.5,7,92,2306,0.226,0.205,2
FC,5/6/2022,90.7,"Bregman, Alex",popup,167,91.4,65,91.8,2420,0.009,0.008,3
FF,5/6/2022,95.8,"Brantley, Michael",fly_ball,284,82,36,96.2,2322,0.026,0.036,3
SL,5/6/2022,83.7,"Maldonado, Martín",line_drive,358,101.6,21,84.3,2225,0.529,0.705,5
SL,5/6/2022,84.2,"McCormick, Chas",line_drive,303,90,24,84.8,2309,0.157,0.175,3
FC,5/6/2022,90.4,"Altuve, Jose",ground_ball,108,89,8,91.4,2378,0.494,0.445,4
SI,5/6/2022,90.3,"Gurriel, Yuli",fly_ball,333,91.8,30,90.5,2076,0.089,0.133,3
SL,5/6/2022,85.5,"Peña, Jeremy",fly_ball,216,85.1,54,86.3,2318,0.023,0.028,3
FF,5/5/2022,96,"Tucker, Kyle",ground_ball,20,82.3,-4,96.2,2196,0.16,0.158,2
FF,5/5/2022,94.9,"Maldonado, Martín",ground_ball,23,92.4,-5,93.5,1963,0.189,0.17,2
SL,5/5/2022,82.8,"Peña, Jeremy",ground_ball,6,78.5,-19,81.8,2235,0.046,0.043,2
FF,5/3/2022,89.5,"Peña, Jeremy",fly_ball,368,98.4,30,89.7,2516,0.349,0.621,6
SL,5/3/2022,80.5,"Tucker, Kyle",popup,107,60.7,67,80,2749,0,0,3
FF,5/1/2022,97.8,"Goodrum, Niko",ground_ball,8,98.2,-15,97.5,2315,0.177,0.159,2
FF,5/1/2022,97.1,"Bregman, Alex",fly_ball,337,100.4,23,98.7,2218,0.46,0.673,5
SI,5/1/2022,93.8,"Alvarez, Yordan",line_drive,315,104.7,18,93,1999,0.506,0.604,5
SI,4/30/2022,93.9,"Gurriel, Yuli",ground_ball,14,92.4,-7,93.5,1918,0.169,0.152,2
SL,4/29/2022,88.2,"McCormick, Chas",fly_ball,270,82.8,33,88.3,2299,0.034,0.047,3
FC,4/29/2022,89.6,"Díaz, Aledmys",line_drive,347,95.5,24,87.8,2486,0.171,0.209,5
KC,4/29/2022,81.4,"Tucker, Kyle",line_drive,332,111.3,18,79.5,2581,0.8,1.153,6
KC,4/29/2022,81.6,"Gurriel, Yuli",popup,50,69.3,84,79.8,2633,0.006,0.005,3
SI,4/28/2022,92.7,"Gurriel, Yuli",ground_ball,1,83,-53,92,1986,0.197,0.196,2
SI,4/28/2022,95.2,"Alvarez, Yordan",line_drive,246,101.9,12,94.7,2080,0.934,0.939,4
FC,4/28/2022,90.2,"Bregman, Alex",fly_ball,196,94.8,63,90,2184,0.011,0.012,3
SI,4/28/2022,94.2,"Brantley, Michael",ground_ball,35,72.7,-1,93.6,1981,0.097,0.087,2
SI,4/28/2022,94.6,"Alvarez, Yordan",ground_ball,8,103.7,-17,94.5,2162,0.24,0.238,2
CU,4/28/2022,80,"Tucker, Kyle",fly_ball,370,103.6,41,79,2522,0.274,0.543,5
FC,4/28/2022,86.4,"Bregman, Alex",fly_ball,227,85.5,54,86.1,2478,0.023,0.028,3
FF,4/27/2022,94.2,"Tucker, Kyle",ground_ball,115,103.4,6,94.4,2397,0.614,0.572,4
KC,4/27/2022,84,"Alvarez, Yordan",ground_ball,15,110.5,-9,84.1,2591,0.357,0.331,2
CH,4/26/2022,87.4,"Bregman, Alex",fly_ball,355,96.5,33,88.9,1974,0.197,0.364,5
CH,4/26/2022,87.2,"Siri, Jose",fly_ball,299,83.1,29,88.5,2069,0.1,0.125,3
CH,4/25/2022,86.3,"Bregman, Alex",ground_ball,12,92,-10,84.7,2154,0.186,0.188,2
FC,4/25/2022,90.1,"Díaz, Aledmys",line_drive,277,110.1,12,89.5,2552,0.877,0.923,5
FC,4/24/2022,89.3,"Díaz, Aledmys",line_drive,146,60.3,19,88.2,2435,0.383,0.345,2
FF,4/24/2022,96.6,"Peña, Jeremy",fly_ball,425,106.8,26,98.8,2158,0.963,1.957,6
SL,4/24/2022,82.6,"Gurriel, Yuli",ground_ball,64,95,2,82,2813,0.434,0.421,4
SI,4/23/2022,88.4,"Díaz, Aledmys",line_drive,139,100.4,5,87.5,2234,0.623,0.586,4
SI,4/23/2022,97.1,"Brantley, Michael",ground_ball,7,90.9,-18,97.2,2358,0.097,0.087,2
SI,4/22/2022,96,"Díaz, Aledmys",line_drive,141,69,13,98.1,2420,0.351,0.316,2
FC,4/19/2022,83.8,"Díaz, Aledmys",ground_ball,3,44.6,-37,82.6,2385,0.174,0.158,1
CH,4/18/2022,82.4,"Bregman, Alex",fly_ball,179,87.9,62,82.1,1654,0.003,0.003,3
FF,4/18/2022,94.8,"Alvarez, Yordan",fly_ball,429,104.2,26,95.2,2310,0.829,1.599,6
SL,4/18/2022,81.9,"Brantley, Michael",line_drive,149,102.8,9,81.8,2345,0.743,0.7,4
CH,4/18/2022,81.8,"Altuve, Jose",ground_ball,3,58.5,-46,81.4,1427,0.174,0.157,1
SL,4/17/2022,84.8,"Tucker, Kyle",ground_ball,5,71.2,-23,85.6,2243,0.029,0.026,2
FF,4/17/2022,94.1,"McCormick, Chas",line_drive,162,91.6,13,94.3,2217,0.911,0.879,4
SL,4/17/2022,86.4,"Bregman, Alex",ground_ball,2,68.9,-42,87.2,2264,0.146,0.143,2
SL,4/16/2022,82.3,"Altuve, Jose",line_drive,267,94.6,18,81.8,2683,0.423,0.416,4
FF,4/16/2022,93.6,"Maldonado, Martín",line_drive,226,73,31,0,,0.54,0.523,3
SI,4/16/2022,93.3,"Tucker, Kyle",ground_ball,104,99.5,6,92.7,2000,0.651,0.611,4
SL,4/16/2022,80,"Brantley, Michael",fly_ball,307,91.3,30,79.3,2435,0.08,0.122,3
CH,4/15/2022,78.4,"McCormick, Chas",fly_ball,344,92.4,36,78.6,2111,0.043,0.058,3
FF,4/15/2022,87.6,"Siri, Jose",fly_ball,252,74.7,28,88,2058,0.569,0.546,4
FF,4/15/2022,86.6,"Tucker, Kyle",fly_ball,306,104.3,49,87.3,1834,0.031,0.048,3
SI,4/13/2022,94.8,"Altuve, Jose",ground_ball,91,73.7,8,94.4,2120,0.26,0.234,2
FF,4/13/2022,88.8,"Bregman, Alex",fly_ball,283,83.6,29,87.9,2263,0.083,0.094,3
SI,4/13/2022,95.4,"Maldonado, Martín",fly_ball,351,100.4,24,95.3,2137,0.497,0.745,6
SL,4/13/2022,84.1,"Peña, Jeremy",ground_ball,139,104.5,7,83.3,2338,0.606,0.548,4
SL,4/13/2022,79.1,"Peña, Jeremy",fly_ball,351,98.5,32,78.6,2340,0.366,0.708,5
SI,4/13/2022,86.8,"Tucker, Kyle",ground_ball,10,70.4,-14,86.4,2102,0.049,0.044,2
FC,4/12/2022,89.3,"Bregman, Alex",fly_ball,380,99.1,26,89.2,2209,0.463,0.718,6
FC,4/12/2022,90.1,"Brantley, Michael",ground_ball,79,96.1,3,89.7,2144,0.474,0.455,4
SL,4/12/2022,84.9,"Siri, Jose",ground_ball,1,94.1,-45,85.1,2709,0.091,0.084,2
CH,4/12/2022,83,"Bregman, Alex",ground_ball,5,60.9,-25,82.7,1903,0.043,0.039,2
CU,4/12/2022,80.2,"Brantley, Michael",ground_ball,111,99.6,6,80.8,2332,0.651,0.611,4
SI,4/10/2022,92.3,"Bregman, Alex",line_drive,144,88.2,9,93,1752,0.529,0.483,4
SL,4/10/2022,79.9,"Goodrum, Niko",fly_ball,385,102.4,36,78.1,2654,0.454,0.934,6
SI,4/10/2022,90.8,"McCormick, Chas",ground_ball,10,86,-14,88.2,2365,0.134,0.137,2
FF,4/10/2022,94.4,"Bregman, Alex",popup,121,90.2,70,93.3,2346,0.011,0.013,3
CU,4/10/2022,70.2,"Tucker, Kyle",fly_ball,380,100.4,35,68.1,2635,0.331,0.647,5
SI,4/10/2022,88.6,"Díaz, Aledmys",line_drive,319,93.6,17,86.4,2998,0.583,0.575,4
SI,4/9/2022,91.6,"Tucker, Kyle",fly_ball,317,88.6,31,90.3,2033,0.054,0.077,3
SL,4/9/2022,85,"Peña, Jeremy",line_drive,349,103.3,17,85.3,2267,0.48,0.552,5
SL,4/8/2022,86,"Maldonado, Martín",line_drive,307,93.5,22,85.9,2270,0.194,0.228,3
SI,4/8/2022,90.4,"Díaz, Aledmys",ground_ball,7,91.9,-15,88.6,1167,0.163,0.16,2
SL,4/8/2022,79.2,"Alvarez, Yordan",line_drive,294,104.5,19,77.1,2825,0.549,0.686,6
FF,4/8/2022,92.4,"Siri, Jose",fly_ball,346,93.4,26,92.6,2470,0.149,0.183,3
SI,4/8/2022,91.2,"Bregman, Alex",ground_ball,78,98.1,2,89.4,1170,0.449,0.421,4
SL,4/8/2022,78.2,"Brantley, Michael",line_drive,321,98.1,18,76.8,2721,0.394,0.441,4
SL,4/8/2022,84.6,"Tucker, Kyle",fly_ball,423,109,35,84.4,2241,0.783,1.628,6
FF,4/7/2022,92.9,"Brantley, Michael",ground_ball,48,48.5,6,93.6,2205,0.149,0.134,1
FF,4/7/2022,94.9,"Altuve, Jose",ground_ball,2,39.7,-39,95.3,2444,0.226,0.216,1
SI,4/7/2022,94,"Maldonado, Martín",fly_ball,253,78,33,94.4,2087,0.111,0.1,3
SL,4/7/2022,81.5,"Brantley, Michael",fly_ball,368,99.2,23,81.9,2488,0.4,0.566,5
